{"cameraMode":{"drawMode":2,"name":"Shaded Wireframe","section":"Shading Mode"},"sceneLighting":false,"audioPlay":false,"sceneViewState":{"showFog":true,"showMaterialUpdate":false,"showSkybox":true,"showFlares":true,"showImageEffects":true,"showParticleSystems":true},"in2DMode":false,"pivot":{"x":-9.037689208984375,"y":1.098785638809204,"z":4.576645374298096},"rotation":{"x":0.09725914895534516,"y":0.37670332193374636,"z":-0.039885926991701129,"w":0.9203896522521973},"size":5.366025924682617,"orthographic":false}